{
  "text": " Please call Stella. Ask her to bring these things with her from the store. Six spins of fresh snow peas, five thick slabs of blue cheese, and maybe a snack for her brother Bob. We also need a small plastic snake and a big toy frog for the kids. She can scoop these things into three plastic bags and we'll go meet her Wednesday at the train station.",
  "segments": [
    {
      "id": 0,
      "seek": 0,
      "start": 0.0,
      "end": 5.0,
      "text": " Please call Stella. Ask her to bring these things with her from the store.",
      "tokens": [
        50364,
        2555,
        818,
        45073,
        13,
        12320,
        720,
        281,
        1565,
        613,
        721,
        365,
        720,
        490,
        264,
        3531,
        13,
        50614
      ],
      "temperature": 0.0,
      "avg_logprob": -0.1435186031252839,
      "compression_ratio": 1.5863636363636364,
      "no_speech_prob": 0.07711272686719894
    },
    {
      "id": 1,
      "seek": 0,
      "start": 5.0,
      "end": 13.0,
      "text": " Six spins of fresh snow peas, five thick slabs of blue cheese, and maybe a snack for her brother Bob.",
      "tokens": [
        50614,
        11678,
        31587,
        295,
        4451,
        5756,
        24494,
        11,
        1732,
        5060,
        1061,
        17243,
        295,
        3344,
        5399,
        11,
        293,
        1310,
        257,
        13288,
        337,
        720,
        3708,
        6085,
        13,
        51014
      ],
      "temperature": 0.0,
      "avg_logprob": -0.1435186031252839,
      "compression_ratio": 1.5863636363636364,
      "no_speech_prob": 0.07711272686719894
    },
    {
      "id": 2,
      "seek": 0,
      "start": 13.0,
      "end": 18.0,
      "text": " We also need a small plastic snake and a big toy frog for the kids.",
      "tokens": [
        51014,
        492,
        611,
        643,
        257,
        1359,
        5900,
        12650,
        293,
        257,
        955,
        12058,
        17259,
        337,
        264,
        2301,
        13,
        51264
      ],
      "temperature": 0.0,
      "avg_logprob": -0.1435186031252839,
      "compression_ratio": 1.5863636363636364,
      "no_speech_prob": 0.07711272686719894
    },
    {
      "id": 3,
      "seek": 0,
      "start": 18.0,
      "end": 26.0,
      "text": " She can scoop these things into three plastic bags and we'll go meet her Wednesday at the train station.",
      "tokens": [
        51264,
        1240,
        393,
        19555,
        613,
        721,
        666,
        1045,
        5900,
        10405,
        293,
        321,
        603,
        352,
        1677,
        720,
        10579,
        412,
        264,
        3847,
        5214,
        13,
        51664
      ],
      "temperature": 0.0,
      "avg_logprob": -0.1435186031252839,
      "compression_ratio": 1.5863636363636364,
      "no_speech_prob": 0.07711272686719894
    }
  ],
  "language": "en"
}